round,round_time,sched_delay,response_collection_time
1,156.90086245536804,17.882426261901855,138.99703860282898
