round,round_time,sched_delay,response_collection_time
1,157.73511028289795,48.41649842262268,109.34821200370789
