round,round_time,sched_delay,response_collection_time
1,157.73511028289795,48.41649842262268,109.34821200370789
2,305.03670859336853,39.702067136764526,107.59324622154236
3,421.5743021965027,23.531660556793213,92.99981117248535
4,522.8052520751953,14.88799238204956,86.33918595314026
5,663.8473455905914,30.617997407913208,110.40941905975342
6,832.6021177768707,52.92302870750427,115.82968711853027
