round,round_time,sched_delay,response_collection_time
1,117.61199641227722,3.509035348892212,114.10065722465515
2,222.8159396648407,2.136038303375244,103.06537222862244
3,333.1461458206177,0.858224630355835,109.47016310691833
4,442.2186372280121,1.9473834037780762,107.12220811843872
5,543.6505064964294,1.7451214790344238,99.6851544380188
6,642.9344327449799,4.851945877075195,94.43003034591675
7,749.5621585845947,3.497750759124756,103.12848949432373
