round,round_time,sched_delay,response_collection_time
1,155.12025904655457,12.799404859542847,142.35812830924988
2,304.12697196006775,5.783255338668823,143.2054009437561
3,440.36066222190857,7.516124725341797,128.7209837436676
4,590.9301273822784,9.654103517532349,140.89588594436646
5,720.6158273220062,8.242212295532227,121.4360511302948
6,883.8137483596802,11.029458045959473,152.17284893989563
7,1025.2941026687622,4.930399417877197,136.5308554172516
8,1166.3123545646667,13.46537160873413,127.5501766204834
9,1315.238473892212,12.140818119049072,136.76347947120667
10,1450.449844121933,14.225480318069458,120.98313760757446
11,1601.6857073307037,8.234264373779297,142.9911618232727
12,1747.0736696720123,6.617940902709961,138.76950001716614
13,1898.9970288276672,10.575209856033325,141.3305926322937
14,2047.0864441394806,16.525251388549805,131.56723523139954
15,2172.90141248703,11.802946329116821,113.9844560623169
16,2324.0180761814117,9.263100385665894,141.858793258667
17,2460.913608312607,8.416399955749512,128.46646785736084
18,2615.630249977112,11.688064813613892,143.0278902053833
19,2742.5602083206177,9.145754098892212,117.75730991363525
20,2894.241513490677,10.617874145507812,141.06860089302063
21,3041.7781999111176,9.445401906967163,138.0886309146881
22,3181.3099987506866,13.427016735076904,126.07971596717834
23,3314.6913392543793,13.002160549163818,120.37971353530884
24,3453.115714073181,10.427541017532349,127.99802041053772
25,3607.168514728546,12.606951713562012,141.42594408988953
26,3736.878452539444,11.78027629852295,117.91759586334229
27,3892.531026363373,13.654540300369263,142.00376415252686
28,4041.0209798812866,11.902520656585693,136.56650948524475
29,4191.311781406403,19.744404315948486,130.53597164154053
30,4336.792468070984,5.783571481704712,139.6933672428131
31,4493.519794464111,12.820568561553955,143.9159073829651
32,4616.089706897736,7.509040832519531,115.02968072891235
33,4766.767571210861,7.090054035186768,143.59529972076416
34,4916.438291788101,10.086228132247925,139.56583499908447
35,5071.108413934708,14.38946270942688,140.27183961868286
36,5229.713084220886,19.01457667350769,139.59110713005066
