round,round_time,sched_delay,response_collection_time
1,343.71356749534607,51.29815864562988,92.19391250610352
2,4614.249519824982,151.77771735191345,116.4196572303772
3,4813.483425378799,76.33968758583069,122.89269661903381
4,6012.782825231552,91.21879363059998,107.61805701255798
5,6167.489589929581,43.02958559989929,111.68984699249268
6,6581.971271038055,122.86945223808289,91.49013948440552
7,7413.512324094772,136.18659710884094,95.08315801620483
8,8466.425240278244,138.35489130020142,114.23038172721863
9,9269.691987991333,103.95985007286072,99.04170370101929
10,11354.72986650467,174.4249119758606,109.88023209571838
11,11762.32544374466,119.16033339500427,88.33794379234314
12,12129.158196687698,88.57544875144958,78.18195247650146
13,12251.272027015686,19.558653116226196,102.53972840309143
14,12396.916696071625,51.86898422241211,93.77508902549744
15,12489.306966304779,5.209274053573608,87.16778826713562
16,12599.01986503601,24.023804426193237,85.68879318237305
17,12771.841702222824,64.67343664169312,108.14454317092896
