round,round_time,sched_delay,response_collection_time
1,432.1005549430847,233.8191225528717,198.3230323791504
2,757.2048468589783,172.65063786506653,152.4340946674347
