round,round_time,sched_delay,response_collection_time
1,343.71356749534607,51.29815864562988,92.19391250610352
