round,round_time,sched_delay,response_collection_time
1,108.62767744064331,5.3374552726745605,103.288414478302
