round,round_time,sched_delay,response_collection_time
1,259.6349024772644,50.22736310958862,209.39133644104004
2,474.9748921394348,43.40706825256348,171.90654039382935
3,724.5574426651001,51.374125480651855,198.1927990913391
4,955.3725385665894,50.29812574386597,180.49769639968872
5,1196.579360961914,54.47620153427124,186.70737981796265
6,1417.2729063034058,53.12326669692993,167.55784034729004
7,1639.2968773841858,29.041481018066406,192.96226263046265
8,1868.430094718933,44.10776615142822,185.00588178634644
-1,-1,41.783933109707306,165.80241521199545
