round,round_time,sched_delay,response_collection_time
1,176.63465881347656,15.159650802612305,161.45488715171814
2,305.8027310371399,2.6080448627471924,126.55363440513611
3,440.66392850875854,12.879565000534058,121.97590470314026
4,586.5440962314606,4.483769416809082,141.38996601104736
5,723.4401454925537,5.47892689704895,131.41090321540833
6,854.3823773860931,7.7671051025390625,123.16647362709045
