round,round_time,sched_delay,response_collection_time
1,751.2387056350708,26.42676043510437,123.4762544631958
2,2044.9380433559418,195.81437015533447,95.42385005950928
3,2241.6026043891907,71.41196608543396,125.25227737426758
4,5249.126973867416,80.37938475608826,120.9934630393982
5,6219.589224815369,58.53964591026306,110.0054862499237
6,8662.799200057983,135.3931438922882,102.56942796707153
7,11088.421857833862,112.92283487319946,106.89925503730774
