round,round_time,sched_delay,response_collection_time
1,1275.7088549137115,133.73805212974548,129.89208340644836
2,1503.9114754199982,83.22299408912659,144.97922158241272
3,2885.2974321842194,336.66776490211487,163.07786321640015
4,3444.01726269722,393.9677782058716,164.75181698799133
5,3812.8220887184143,218.22791862487793,150.5765826702118
6,4261.700524091721,270.99310755729675,177.8848958015442
7,4632.0844559669495,222.9117772579193,147.4719579219818
8,5328.053935289383,465.7330391407013,230.23623132705688
9,5817.4343848228455,334.12390422821045,155.25598740577698
10,6247.494938135147,280.3991131782532,149.6609194278717
11,6520.525582551956,132.39422965049744,140.63589549064636
12,6733.188786506653,66.85685849189758,145.80620670318604
13,6934.525247812271,57.94951844215393,143.38683700561523
14,7535.229196071625,409.45083260536194,191.2524654865265
15,7766.427384138107,75.16242671012878,156.03542947769165
16,7962.190489768982,51.89251399040222,143.87019038200378
17,8243.715464830399,124.89864563941956,156.62624645233154
18,8464.635887861252,62.494231939315796,158.42569398880005
19,8701.867928266525,82.91174626350403,154.3200523853302
20,9171.932545423508,301.26605772972107,168.79795718193054
21,9395.30803513527,71.76083493232727,151.61452889442444
22,9625.728028535843,85.74513530731201,144.674236536026
23,10220.845725774765,433.8007471561432,161.31682205200195
24,10503.44634604454,127.77208399772644,154.82802486419678
