round,round_time,sched_delay,response_collection_time
1,424.3716652393341,311.00065898895264,113.36760592460632
2,739.7007179260254,176.81974411010742,138.50907182693481
3,1048.2088372707367,192.81384944915771,115.69382572174072
4,1276.588116645813,118.58724331855774,109.7916955947876
5,2727.660306930542,138.42850613594055,110.77822136878967
6,2950.6767003536224,108.41698622703552,114.59906387329102
7,3184.283715248108,108.53604197502136,125.07057523727417
